                           add data
id,first_name,last_name,email,gender,ip_address
1,Rose,Hill,rhill0@livejournal.com,Female,210.93.150.25
2,Daniel,Lopez,dlopez1@newsvine.com,Male,14.150.107.0
3,Ann,Alvarez,aalvarez2@wikia.com,Female,140.52.98.6
4,Adam,Dixon,adixon3@123-reg.co.uk,Male,230.200.47.201
5,Joan,Hughes,jhughes4@weebly.com,Female,191.147.177.222
6,Debra,Mcdonald,dmcdonald5@salon.com,Female,73.180.203.217
7,Emily,Henderson,ehenderson6@craigslist.org,Female,208.151.34.200
8,Heather,Chavez,hchavez7@foxnews.com,Female,139.92.41.195
9,Lois,Cooper,lcooper8@mail.ru,Female,162.161.168.177
10,Arthur,Butler,abutler9@chicagotribune.com,Male,154.117.143.193
11,Terry,Stanley,tstanleya@cam.ac.uk,Male,252.101.98.189
12,Philip,Burton,pburtonb@auda.org.au,Male,77.47.187.222
13,Heather,Moore,hmoorec@ustream.tv,Female,117.198.202.123
14,Teresa,Hansen,thansend@liveinternet.ru,Female,170.13.157.85
15,Ernest,Price,epricee@lulu.com,Male,153.158.226.85
16,Sean,Robertson,srobertsonf@discovery.com,Male,154.61.113.67
17,Jose,Henry,jhenryg@webmd.com,Male,198.120.78.195
18,Scott,Dunn,sdunnh@abc.net.au,Male,143.66.119.221
19,Jennifer,Gonzalez,jgonzalezi@deliciousdays.com,Female,110.113.23.114
20,Wanda,Stephens,wstephensj@senate.gov,Female,15.236.234.206
21,Patrick,Rodriguez,prodriguezk@nba.com,Male,15.64.148.145
22,Paul,Reynolds,preynoldsl@behance.net,Male,128.250.139.183
23,Jesse,Gonzalez,jgonzalezm@omniture.com,Male,112.233.101.30
24,Donald,Dunn,ddunnn@about.me,Male,185.174.6.239
25,Laura,Rodriguez,lrodriguezo@yahoo.com,Female,185.53.195.126
26,Julie,Hansen,jhansenp@indiegogo.com,Female,191.121.41.178
27,Andrea,Hart,ahartq@smugmug.com,Female,126.78.170.12
28,Brandon,Morris,bmorrisr@usatoday.com,Male,4.109.48.109
29,Lois,Lawson,llawsons@gov.uk,Female,11.27.169.96
30,Betty,Willis,bwillist@unicef.org,Female,106.3.32.154
31,Kathryn,Andrews,kandrewsu@unc.edu,Female,120.31.198.229
32,Margaret,James,mjamesv@ed.gov,Female,183.213.2.93
33,Charles,Ramos,cramosw@spotify.com,Male,118.59.5.30
34,Anthony,Weaver,aweaverx@1und1.de,Male,49.129.150.41
35,Carlos,Stone,cstoney@artisteer.com,Male,94.237.179.179
36,Tammy,Holmes,tholmesz@taobao.com,Female,144.172.252.24
37,Louis,Sanders,lsanders10@utexas.edu,Male,193.55.40.185
38,Carolyn,Stewart,cstewart11@scientificamerican.com,Female,14.107.16.0
39,Cynthia,Evans,cevans12@theguardian.com,Female,217.57.105.141
40,Christina,Henderson,chenderson13@drupal.org,Female,123.140.193.18
41,Gerald,Frazier,gfrazier14@tinypic.com,Male,132.227.237.107
42,Todd,Phillips,tphillips15@comcast.net,Male,173.116.219.144
43,Harold,Mccoy,hmccoy16@zimbio.com,Male,21.117.230.38
44,Scott,Berry,sberry17@fotki.com,Male,170.136.49.74
45,Richard,Lawson,rlawson18@creativecommons.org,Male,102.19.75.69
46,Terry,Sanchez,tsanchez19@bigcartel.com,Male,221.93.120.86
47,Martha,Howell,mhowell1a@cocolog-nifty.com,Female,69.65.127.50
48,Tina,Medina,tmedina1b@desdev.cn,Female,241.115.152.3
49,Joseph,Ramirez,jramirez1c@amazon.de,Male,27.191.204.195
50,Harold,Bailey,hbailey1d@census.gov,Male,63.169.46.148
51,Matthew,White,mwhite1e@ifeng.com,Male,218.200.91.20
52,Margaret,Roberts,mroberts1f@facebook.com,Female,51.207.26.122
53,Gary,Mcdonald,gmcdonald1g@netlog.com,Male,88.193.89.153
54,Bruce,Reid,breid1h@dropbox.com,Male,143.74.158.157
55,Shirley,Riley,sriley1i@qq.com,Female,249.193.89.10
56,Sandra,Jacobs,sjacobs1j@nature.com,Female,61.201.121.10
57,Craig,Bailey,cbailey1k@over-blog.com,Male,234.37.127.109
58,Deborah,Baker,dbaker1l@t.co,Female,94.3.238.237
59,Philip,Hawkins,phawkins1m@va.gov,Male,32.20.4.157
60,Kelly,Evans,kevans1n@seesaa.net,Female,254.203.116.227
61,Joseph,Gonzalez,jgonzalez1o@a8.net,Male,112.240.197.157
62,Patrick,Roberts,proberts1p@apache.org,Male,181.143.249.159
63,Benjamin,Flores,bflores1q@indiatimes.com,Male,243.182.131.69
64,Jeremy,Perez,jperez1r@fema.gov,Male,176.231.38.59
65,Patricia,Mills,pmills1s@blogs.com,Female,242.41.128.68
66,Scott,Dean,sdean1t@oaic.gov.au,Male,69.94.74.52
67,Eric,Spencer,espencer1u@flickr.com,Male,9.166.122.113
68,David,Richardson,drichardson1v@google.com,Male,26.52.116.224
69,Lisa,Elliott,lelliott1w@jigsy.com,Female,202.201.197.167
70,Benjamin,Lopez,blopez1x@devhub.com,Male,222.104.125.157
71,Rose,Hudson,rhudson1y@chicagotribune.com,Female,15.25.27.83
72,Donald,Fields,dfields1z@bizjournals.com,Male,26.250.167.185
73,Richard,Cunningham,rcunningham20@ox.ac.uk,Male,146.166.159.148
74,Katherine,Anderson,kanderson21@umn.edu,Female,74.191.55.103
75,Benjamin,Little,blittle22@weebly.com,Male,80.237.54.121
76,Ruth,Kelley,rkelley23@walmart.com,Female,2.46.118.155
77,Sean,Thomas,sthomas24@cocolog-nifty.com,Male,63.186.40.157
78,Teresa,Warren,twarren25@odnoklassniki.ru,Female,190.177.96.244
79,Scott,Ryan,sryan26@bluehost.com,Male,129.126.154.232
80,Bobby,Austin,baustin27@mlb.com,Male,164.15.19.138
81,Scott,Baker,sbaker28@cafepress.com,Male,155.130.7.47
82,Richard,Sullivan,rsullivan29@furl.net,Male,154.40.239.50
83,Maria,Lopez,mlopez2a@blog.com,Female,65.232.216.153
84,Anne,Garza,agarza2b@domainmarket.com,Female,105.154.210.93
85,Mary,Ramirez,mramirez2c@drupal.org,Female,57.74.75.45
86,Wayne,Murray,wmurray2d@bigcartel.com,Male,79.58.234.50
87,Roger,Jones,rjones2e@wp.com,Male,96.50.46.218
88,Cynthia,Young,cyoung2f@mapquest.com,Female,41.174.230.154
89,Phillip,Wheeler,pwheeler2g@cnbc.com,Male,107.251.3.104
90,Benjamin,Kelly,bkelly2h@toplist.cz,Male,32.98.15.182
91,Sara,Little,slittle2i@nhs.uk,Female,247.56.134.132
92,Larry,Mccoy,lmccoy2j@zdnet.com,Male,78.193.150.54
93,Sara,Stewart,sstewart2k@bluehost.com,Female,19.171.6.44
94,Lori,Wallace,lwallace2l@utexas.edu,Female,182.107.245.204
95,Virginia,Butler,vbutler2m@opensource.org,Female,11.42.41.80
96,Betty,Allen,ballen2n@wsj.com,Female,72.146.161.116
97,Christine,Gonzales,cgonzales2o@macromedia.com,Female,22.92.139.117
98,Chris,Hicks,chicks2p@angelfire.com,Male,50.203.213.124
99,Juan,Berry,jberry2q@indiatimes.com,Male,34.95.59.208
100,Brenda,Harris,bharris2r@sbwire.com,Female,155.57.141.204
101,Tammy,Chapman,tchapman2s@issuu.com,Female,76.206.17.125
102,Lawrence,Phillips,lphillips2t@wikia.com,Male,113.211.104.190
103,Roy,Bowman,rbowman2u@purevolume.com,Male,74.135.221.44
104,Jesse,Simpson,jsimpson2v@weebly.com,Male,90.106.19.120
105,Bonnie,Robertson,brobertson2w@fema.gov,Female,46.61.28.172
106,Martin,Foster,mfoster2x@live.com,Male,44.173.93.191
107,Joe,Hart,jhart2y@cbc.ca,Male,156.172.137.196
108,Elizabeth,Hernandez,ehernandez2z@mediafire.com,Female,104.22.55.144
109,Betty,Cruz,bcruz30@ustream.tv,Female,55.24.137.119
110,Denise,Carpenter,dcarpenter31@economist.com,Female,234.72.20.34
111,Virginia,Reynolds,vreynolds32@comcast.net,Female,6.196.155.18
112,Jacqueline,Cooper,jcooper33@icio.us,Female,8.146.169.40
113,Doris,Stanley,dstanley34@edublogs.org,Female,188.13.19.49
114,Janice,Ramos,jramos35@huffingtonpost.com,Female,66.168.162.105
115,Bobby,Ray,bray36@shareasale.com,Male,195.129.97.150
116,Patrick,Martin,pmartin37@nytimes.com,Male,5.153.136.59
117,Helen,Carter,hcarter38@paypal.com,Female,104.16.26.158
118,Bobby,Ellis,bellis39@earthlink.net,Male,145.81.109.207
119,Martin,Grant,mgrant3a@prweb.com,Male,248.152.161.62
120,Jeremy,Gibson,jgibson3b@theguardian.com,Male,142.199.219.213
121,Patricia,Williamson,pwilliamson3c@telegraph.co.uk,Female,223.104.4.122
122,Alan,Burton,aburton3d@wisc.edu,Male,145.6.45.167
123,Helen,Washington,hwashington3e@hugedomains.com,Female,215.50.79.17
124,Marilyn,Garcia,mgarcia3f@phoca.cz,Female,245.33.59.42
125,Anna,Coleman,acoleman3g@histats.com,Female,190.159.190.213
126,Philip,Wood,pwood3h@newyorker.com,Male,151.195.69.162
127,Christine,Perry,cperry3i@4shared.com,Female,27.89.125.175
128,Sarah,Myers,smyers3j@blogtalkradio.com,Female,206.150.70.102
129,Sarah,Lawson,slawson3k@godaddy.com,Female,129.144.45.170
130,Elizabeth,Kennedy,ekennedy3l@elegantthemes.com,Female,88.209.137.118
131,Nicholas,Mendoza,nmendoza3m@hostgator.com,Male,252.171.239.73
132,Aaron,Howard,ahoward3n@devhub.com,Male,228.120.75.205
133,Lawrence,Kelley,lkelley3o@topsy.com,Male,36.209.66.106
134,Pamela,Andrews,pandrews3p@reddit.com,Female,193.218.145.30
135,Ernest,Morgan,emorgan3q@omniture.com,Male,165.237.189.151
136,Christina,Murray,cmurray3r@columbia.edu,Female,222.30.184.185
137,Earl,Turner,eturner3s@about.com,Male,236.47.44.77
138,Virginia,Morrison,vmorrison3t@google.es,Female,46.181.85.5
139,Stephen,Sims,ssims3u@printfriendly.com,Male,153.45.43.73
140,Harold,Elliott,helliott3v@sina.com.cn,Male,244.127.186.24
141,Michael,Castillo,mcastillo3w@google.co.uk,Male,12.72.234.168
142,Diana,Mendoza,dmendoza3x@amazon.co.jp,Female,130.171.137.180
143,Marie,Matthews,mmatthews3y@de.vu,Female,170.209.126.104
144,Brandon,Mason,bmason3z@w3.org,Male,129.73.102.37
145,Kathy,Parker,kparker40@redcross.org,Female,189.48.52.73
146,Anthony,Wilson,awilson41@phoca.cz,Male,91.229.2.28
147,Edward,Bryant,ebryant42@51.la,Male,241.1.55.229
148,Jimmy,Reed,jreed43@csmonitor.com,Male,184.175.28.28
149,Matthew,Williamson,mwilliamson44@time.com,Male,182.83.167.188
150,Raymond,Romero,rromero45@dagondesign.com,Male,172.92.238.214
151,Kathy,Hunter,khunter46@latimes.com,Female,125.170.121.124
152,Nicholas,Edwards,nedwards47@dedecms.com,Male,156.185.45.161
153,Mark,Sanchez,msanchez48@tamu.edu,Male,110.240.159.99
154,Russell,Shaw,rshaw49@theatlantic.com,Male,250.214.40.25
155,Theresa,Ross,tross4a@google.com.hk,Female,120.28.135.239
156,Amanda,Bell,abell4b@opensource.org,Female,79.21.75.49
157,Debra,Scott,dscott4c@bloglovin.com,Female,56.129.194.31
158,Joshua,Anderson,janderson4d@disqus.com,Male,184.94.31.128
159,Nancy,Robinson,nrobinson4e@smh.com.au,Female,62.202.177.189
160,Andrea,Cunningham,acunningham4f@wsj.com,Female,191.135.235.7
161,Cynthia,Riley,criley4g@networksolutions.com,Female,97.87.67.142
162,David,Torres,dtorres4h@tumblr.com,Male,184.140.169.205
163,Chris,Fisher,cfisher4i@ucla.edu,Male,236.179.154.47
164,Victor,Mitchell,vmitchell4j@constantcontact.com,Male,11.111.224.148
165,Jeffrey,Rodriguez,jrodriguez4k@mashable.com,Male,217.97.131.47
166,Matthew,Sims,msims4l@vk.com,Male,124.145.196.176
167,Julie,Chavez,jchavez4m@slideshare.net,Female,240.198.230.7
168,Ashley,Russell,arussell4n@amazonaws.com,Female,127.204.15.237
169,Ann,Jenkins,ajenkins4o@mlb.com,Female,81.224.143.218
170,Frances,Gardner,fgardner4p@prlog.org,Female,223.150.230.121
171,Betty,Hicks,bhicks4q@hatena.ne.jp,Female,119.1.39.219
172,David,Simpson,dsimpson4r@odnoklassniki.ru,Male,6.124.169.140
173,Jacqueline,Price,jprice4s@furl.net,Female,8.19.132.94
174,Alan,Mcdonald,amcdonald4t@creativecommons.org,Male,245.24.236.131
175,Anna,Brooks,abrooks4u@cmu.edu,Female,98.179.101.251
176,Patrick,Ross,pross4v@theglobeandmail.com,Male,71.36.109.79
177,Phillip,Dean,pdean4w@hao123.com,Male,51.8.184.85
178,Sara,Larson,slarson4x@thetimes.co.uk,Female,65.142.50.254
179,Jason,Hill,jhill4y@hp.com,Male,94.191.17.208
180,Kathryn,Reed,kreed4z@cbsnews.com,Female,238.252.82.195
181,Joseph,Hansen,jhansen50@tmall.com,Male,160.89.194.1
182,Laura,Johnson,ljohnson51@kickstarter.com,Female,110.220.162.82
183,Frank,Warren,fwarren52@wsj.com,Male,67.163.61.13
184,Maria,Allen,mallen53@chron.com,Female,253.5.37.208
185,Timothy,Butler,tbutler54@cloudflare.com,Male,160.125.131.223
186,Victor,Richards,vrichards55@google.com.br,Male,84.33.58.198
187,Jessica,Nguyen,jnguyen56@imdb.com,Female,52.231.29.113
188,Frances,Adams,fadams57@xing.com,Female,70.165.196.108
189,Martin,Elliott,melliott58@ucla.edu,Male,167.208.122.229
190,Pamela,Kennedy,pkennedy59@cpanel.net,Female,206.197.247.220
191,David,Smith,dsmith5a@e-recht24.de,Male,106.79.4.14
192,Randy,Reyes,rreyes5b@fc2.com,Male,41.245.155.84
193,Christine,Pierce,cpierce5c@mapy.cz,Female,231.33.96.214
194,Jeremy,Morris,jmorris5d@w3.org,Male,102.11.35.117
195,Janice,Kim,jkim5e@lycos.com,Female,67.98.43.214
196,Patrick,Foster,pfoster5f@spotify.com,Male,83.67.239.8
197,Wayne,Barnes,wbarnes5g@xrea.com,Male,206.9.126.211
198,Roger,Price,rprice5h@desdev.cn,Male,190.144.199.139
199,Bruce,Ward,bward5i@sina.com.cn,Male,243.117.41.46
200,Shirley,West,swest5j@google.com.br,Female,4.195.76.105
201,Matthew,Montgomery,mmontgomery5k@forbes.com,Male,144.145.222.114
202,Cheryl,Hill,chill5l@mediafire.com,Female,65.15.11.41
203,Ralph,Cox,rcox5m@upenn.edu,Male,191.8.132.17
204,Patrick,Banks,pbanks5n@arizona.edu,Male,51.45.152.227
205,Martin,Griffin,mgriffin5o@domainmarket.com,Male,128.166.56.34
206,Tammy,Montgomery,tmontgomery5p@com.com,Female,152.99.83.74
207,Nancy,Simpson,nsimpson5q@ocn.ne.jp,Female,85.152.33.152
208,Mary,Black,mblack5r@seattletimes.com,Female,238.3.65.58
209,Wayne,Hayes,whayes5s@mediafire.com,Male,35.20.111.14
210,Lois,Romero,lromero5t@craigslist.org,Female,217.125.137.195
211,Brian,Gordon,bgordon5u@ycombinator.com,Male,235.6.211.116
212,Ralph,Fox,rfox5v@wufoo.com,Male,61.235.163.186
213,Adam,Gilbert,agilbert5w@go.com,Male,76.184.252.13
214,Janice,White,jwhite5x@telegraph.co.uk,Female,152.230.187.90
215,Fred,Holmes,fholmes5y@cpanel.net,Male,144.244.109.147
216,Gary,Welch,gwelch5z@nih.gov,Male,15.25.213.27
217,Antonio,Olson,aolson60@simplemachines.org,Male,153.250.3.168
218,Henry,Adams,hadams61@tinypic.com,Male,53.172.178.5
219,Denise,Wagner,dwagner62@vinaora.com,Female,6.242.159.1
220,Louis,Stanley,lstanley63@statcounter.com,Male,212.88.4.61
221,Dennis,Barnes,dbarnes64@webnode.com,Male,196.67.150.168
222,Debra,Harper,dharper65@hibu.com,Female,67.246.108.37
223,Tina,Fisher,tfisher66@phpbb.com,Female,49.58.73.216
224,Keith,Brown,kbrown67@bloglines.com,Male,47.234.89.46
225,Carolyn,Reid,creid68@hc360.com,Female,86.160.205.46
226,Jerry,Meyer,jmeyer69@discuz.net,Male,11.116.231.100
227,Carlos,Gonzalez,cgonzalez6a@google.co.jp,Male,111.203.104.83
228,Fred,Austin,faustin6b@ucoz.ru,Male,23.153.149.25
229,Christine,Edwards,cedwards6c@techcrunch.com,Female,2.122.102.129
230,Jeremy,Smith,jsmith6d@imageshack.us,Male,163.48.29.251
231,Ernest,Jackson,ejackson6e@soup.io,Male,66.70.170.208
232,Matthew,Gilbert,mgilbert6f@jigsy.com,Male,181.173.106.224
233,Gary,George,ggeorge6g@cmu.edu,Male,226.28.223.216
234,Justin,Nelson,jnelson6h@sciencedaily.com,Male,130.93.181.127
235,Richard,Reed,rreed6i@typepad.com,Male,27.204.160.195
236,Mildred,Foster,mfoster6j@prweb.com,Female,239.118.220.203
237,Paula,Burke,pburke6k@auda.org.au,Female,219.199.208.187
238,Beverly,Washington,bwashington6l@lycos.com,Female,193.170.224.37
239,Harold,Cunningham,hcunningham6m@constantcontact.com,Male,51.194.193.135
240,Joyce,Hayes,jhayes6n@etsy.com,Female,126.49.194.170
241,Norma,Tucker,ntucker6o@google.es,Female,1.137.75.34
242,Lori,Hunt,lhunt6p@msu.edu,Female,28.226.30.96
243,Sarah,Bell,sbell6q@harvard.edu,Female,44.50.27.176
244,Beverly,Sims,bsims6r@mayoclinic.com,Female,230.218.65.68
245,Paula,Garrett,pgarrett6s@patch.com,Female,252.139.142.90
246,Margaret,Brooks,mbrooks6t@skype.com,Female,74.135.177.239
247,Jessica,Bowman,jbowman6u@netvibes.com,Female,41.8.91.193
248,Rose,Gonzalez,rgonzalez6v@yahoo.co.jp,Female,239.0.163.20
249,Emily,Day,eday6w@technorati.com,Female,179.15.235.133
250,Elizabeth,Russell,erussell6x@devhub.com,Female,194.30.136.190
251,James,Bowman,jbowman6y@arizona.edu,Male,41.132.0.15
252,Rebecca,Dunn,rdunn6z@wsj.com,Female,160.103.145.227
253,Gary,Montgomery,gmontgomery70@google.com,Male,173.8.224.56
254,Denise,Anderson,danderson71@businessinsider.com,Female,201.188.102.18
255,Henry,Spencer,hspencer72@state.gov,Male,253.99.252.252
256,Kevin,Fisher,kfisher73@drupal.org,Male,110.203.20.100
257,Joyce,Gilbert,jgilbert74@hexun.com,Female,179.247.224.172
258,Janet,Carr,jcarr75@economist.com,Female,87.87.114.211
259,Bonnie,Lawson,blawson76@nationalgeographic.com,Female,36.59.185.21
260,Sandra,Miller,smiller77@surveymonkey.com,Female,47.102.238.207
261,Kimberly,Gutierrez,kgutierrez78@craigslist.org,Female,120.109.124.159
262,Rachel,Bailey,rbailey79@themeforest.net,Female,96.218.179.230
263,Keith,Banks,kbanks7a@slate.com,Male,187.78.3.90
264,Denise,Nelson,dnelson7b@4shared.com,Female,245.76.72.111
265,Anthony,Lynch,alynch7c@ow.ly,Male,223.154.126.25
266,Keith,Hawkins,khawkins7d@wix.com,Male,103.106.180.59
267,Patricia,Fisher,pfisher7e@weibo.com,Female,69.162.138.48
268,Joyce,Watkins,jwatkins7f@nih.gov,Female,37.33.152.83
269,Mary,Stephens,mstephens7g@si.edu,Female,84.79.233.243
270,Betty,Grant,bgrant7h@google.ru,Female,248.23.180.16
271,Linda,Kennedy,lkennedy7i@infoseek.co.jp,Female,93.216.141.0
272,Bruce,Chapman,bchapman7j@nymag.com,Male,114.193.194.208
273,Kenneth,Griffin,kgriffin7k@flavors.me,Male,70.38.255.201
274,Juan,Olson,jolson7l@altervista.org,Male,41.176.22.138
275,Andrew,Hunt,ahunt7m@last.fm,Male,47.28.247.165
276,Nicholas,Murphy,nmurphy7n@google.com.au,Male,198.101.130.179
277,Rachel,Larson,rlarson7o@microsoft.com,Female,169.214.184.53
278,Christine,Murray,cmurray7p@marriott.com,Female,45.80.0.238
279,Charles,Harrison,charrison7q@yandex.ru,Male,214.109.85.41
280,Walter,Mccoy,wmccoy7r@miitbeian.gov.cn,Male,200.75.150.216
281,Cheryl,Peterson,cpeterson7s@usgs.gov,Female,37.80.121.140
282,Andrea,Stephens,astephens7t@eventbrite.com,Female,167.149.65.84
283,Albert,Green,agreen7u@linkedin.com,Male,58.181.41.105
284,Peter,Jenkins,pjenkins7v@histats.com,Male,255.207.69.238
285,Pamela,Ortiz,portiz7w@4shared.com,Female,1.33.103.98
286,Gregory,Gonzalez,ggonzalez7x@spotify.com,Male,141.156.167.170
287,Kathleen,Day,kday7y@edublogs.org,Female,105.114.195.193
288,Sara,Roberts,sroberts7z@spotify.com,Female,151.233.20.131
289,Melissa,Mitchell,mmitchell80@europa.eu,Female,204.108.147.108
290,Janice,Mason,jmason81@nsw.gov.au,Female,81.159.75.35
291,Helen,Olson,holson82@mediafire.com,Female,189.230.111.181
292,Lawrence,Castillo,lcastillo83@spotify.com,Male,13.25.74.49
293,Carl,Ferguson,cferguson84@themeforest.net,Male,69.48.204.142
294,Catherine,Dunn,cdunn85@google.co.jp,Female,172.110.144.146
295,Stephen,Burke,sburke86@slideshare.net,Male,82.114.70.104
296,Juan,Bell,jbell87@ebay.com,Male,35.239.5.64
297,Frank,Cole,fcole88@instagram.com,Male,166.74.67.207
298,Mary,Sanders,msanders89@parallels.com,Female,128.30.101.36
299,Johnny,Warren,jwarren8a@moonfruit.com,Male,118.59.11.17
300,Anne,Cox,acox8b@uiuc.edu,Female,129.62.133.12
301,Gary,Rodriguez,grodriguez8c@nature.com,Male,130.160.155.67
302,Margaret,Ellis,mellis8d@de.vu,Female,55.93.58.5
303,Bonnie,Spencer,bspencer8e@ox.ac.uk,Female,101.196.20.177
304,Ernest,Stewart,estewart8f@google.es,Male,157.117.220.78
305,Amy,Watson,awatson8g@rediff.com,Female,158.122.40.94
306,Tammy,Gilbert,tgilbert8h@ow.ly,Female,153.237.41.43
307,Ruth,Watson,rwatson8i@narod.ru,Female,194.102.165.251
308,Jacqueline,Cook,jcook8j@reddit.com,Female,12.121.133.17
309,Jeffrey,Carpenter,jcarpenter8k@kickstarter.com,Male,188.134.19.221
310,Katherine,Larson,klarson8l@feedburner.com,Female,51.34.29.158
311,Christopher,Boyd,cboyd8m@unesco.org,Male,1.227.49.183
312,Dennis,Lewis,dlewis8n@paginegialle.it,Male,173.23.235.227
313,Irene,Marshall,imarshall8o@google.com.au,Female,224.106.231.253
314,Peter,Phillips,pphillips8p@wufoo.com,Male,130.170.230.219
315,Bonnie,Peterson,bpeterson8q@yahoo.com,Female,213.121.183.155
316,Sharon,Berry,sberry8r@odnoklassniki.ru,Female,93.108.62.220
317,Craig,Mason,cmason8s@google.it,Male,147.254.141.210
318,Joan,Thomas,jthomas8t@etsy.com,Female,92.143.186.41
319,Mark,Hamilton,mhamilton8u@zimbio.com,Male,91.83.182.14
320,Justin,Graham,jgraham8v@digg.com,Male,229.45.186.115
321,Dorothy,James,djames8w@addtoany.com,Female,33.182.18.146
322,Steven,Tucker,stucker8x@instagram.com,Male,122.23.216.187
323,Norma,Garrett,ngarrett8y@blogtalkradio.com,Female,2.204.125.94
324,Donald,Chavez,dchavez8z@51.la,Male,130.241.15.62
325,Jose,Ortiz,jortiz90@columbia.edu,Male,126.6.7.198
326,Irene,Martinez,imartinez91@home.pl,Female,117.140.106.219
327,Jimmy,Palmer,jpalmer92@reddit.com,Male,222.135.212.101
328,Ronald,Anderson,randerson93@aol.com,Male,224.221.47.116
329,Lori,Bell,lbell94@harvard.edu,Female,99.174.3.53
330,Joshua,Russell,jrussell95@goodreads.com,Male,109.251.127.36
331,Kevin,Burke,kburke96@utexas.edu,Male,47.97.88.72
332,Anne,Carroll,acarroll97@ezinearticles.com,Female,8.7.143.71
333,William,Rivera,wrivera98@prweb.com,Male,158.97.251.76
334,Edward,Ferguson,eferguson99@lulu.com,Male,82.20.173.166
335,Kathleen,Burke,kburke9a@sbwire.com,Female,46.254.12.221
336,Dorothy,Stanley,dstanley9b@sakura.ne.jp,Female,200.82.162.110
337,Mildred,Price,mprice9c@globo.com,Female,244.92.142.179
338,Michelle,Washington,mwashington9d@elegantthemes.com,Female,165.138.90.225
339,Charles,Long,clong9e@nih.gov,Male,99.42.97.18
340,Joshua,Porter,jporter9f@sitemeter.com,Male,255.153.234.253
341,Lori,Diaz,ldiaz9g@chicagotribune.com,Female,66.134.126.171
342,Robin,Jordan,rjordan9h@reuters.com,Female,32.211.201.167
343,Jerry,Young,jyoung9i@nps.gov,Male,171.56.207.42
344,Jonathan,Castillo,jcastillo9j@businesswire.com,Male,255.127.255.12
345,Janet,Mcdonald,jmcdonald9k@topsy.com,Female,190.87.76.198
346,Bruce,Diaz,bdiaz9l@exblog.jp,Male,219.146.230.228
347,Catherine,Perez,cperez9m@about.me,Female,81.8.1.235
348,Dennis,Wilson,dwilson9n@salon.com,Male,196.37.172.86
349,Howard,Bell,hbell9o@mtv.com,Male,36.24.1.64
350,Ruth,Gibson,rgibson9p@archive.org,Female,161.54.52.157
351,Mildred,Shaw,mshaw9q@webmd.com,Female,206.15.176.1
352,Joseph,Sanders,jsanders9r@infoseek.co.jp,Male,16.171.252.125
353,Jason,Payne,jpayne9s@discuz.net,Male,57.103.234.176
354,Bobby,Nelson,bnelson9t@google.es,Male,144.141.212.46
355,Kathy,Bryant,kbryant9u@naver.com,Female,30.11.224.150
356,Gregory,Cruz,gcruz9v@ebay.co.uk,Male,76.205.239.47
357,Nancy,Cunningham,ncunningham9w@homestead.com,Female,80.134.39.188
358,Angela,Hayes,ahayes9x@shinystat.com,Female,55.164.14.217
359,Stephanie,Anderson,sanderson9y@artisteer.com,Female,88.146.22.23
360,Kathleen,Carter,kcarter9z@census.gov,Female,0.216.207.244
361,Craig,Peters,cpetersa0@deviantart.com,Male,137.11.59.205
362,Denise,Carroll,dcarrolla1@patch.com,Female,57.222.166.159
363,Kathy,Perkins,kperkinsa2@craigslist.org,Female,58.223.178.19
364,Phillip,Bell,pbella3@dailymail.co.uk,Male,135.110.33.154
365,Kathleen,Bell,kbella4@adobe.com,Female,32.132.6.74
366,James,Burton,jburtona5@mapy.cz,Male,110.104.199.198
367,Kimberly,Thompson,kthompsona6@businessinsider.com,Female,20.20.129.86
368,Roger,Myers,rmyersa7@tiny.cc,Male,238.38.217.82
369,Joyce,Shaw,jshawa8@usnews.com,Female,163.240.104.24
370,Denise,Edwards,dedwardsa9@123-reg.co.uk,Female,105.71.102.194
371,Joan,Elliott,jelliottaa@netvibes.com,Female,157.221.185.93
372,Lois,Hawkins,lhawkinsab@washingtonpost.com,Female,216.92.8.241
373,James,Cruz,jcruzac@over-blog.com,Male,156.236.110.62
374,Ronald,Powell,rpowellad@edublogs.org,Male,188.111.221.129
375,Debra,Dixon,ddixonae@vkontakte.ru,Female,26.177.61.218
376,Ruth,Mason,rmasonaf@go.com,Female,130.136.30.7
377,Kathleen,Kennedy,kkennedyag@ycombinator.com,Female,30.171.228.236
378,Christopher,Hunt,chuntah@java.com,Male,32.113.12.148
379,Jason,Mason,jmasonai@ycombinator.com,Male,181.255.130.212
380,Jane,Woods,jwoodsaj@jiathis.com,Female,209.237.118.149
381,Rebecca,Larson,rlarsonak@netscape.com,Female,145.132.25.87
382,Carlos,Lawrence,clawrenceal@de.vu,Male,134.91.63.190
383,Phyllis,Hayes,phayesam@loc.gov,Female,0.119.74.211
384,Jerry,Cunningham,jcunninghaman@ocn.ne.jp,Male,212.185.85.148
385,Bruce,Harper,bharperao@fc2.com,Male,44.122.174.132
386,Andrew,Ferguson,afergusonap@quantcast.com,Male,254.69.177.144
387,Mildred,Elliott,melliottaq@scientificamerican.com,Female,181.80.103.9
388,Sean,Hunt,shuntar@shareasale.com,Male,98.254.28.252
389,Mildred,Wheeler,mwheeleras@constantcontact.com,Female,204.72.233.202
390,George,Berry,gberryat@berkeley.edu,Male,205.152.137.223
391,Wanda,Carter,wcarterau@arizona.edu,Female,3.114.176.140
392,Julie,Cole,jcoleav@joomla.org,Female,169.245.102.218
393,George,Snyder,gsnyderaw@loc.gov,Male,194.145.30.6
394,Lori,Wright,lwrightax@va.gov,Female,113.233.135.55
395,Julie,Bryant,jbryantay@xrea.com,Female,4.110.195.122
396,Stephanie,Porter,sporteraz@mashable.com,Female,78.163.127.251
397,Jacqueline,Myers,jmyersb0@intel.com,Female,79.120.225.86
398,David,Perkins,dperkinsb1@foxnews.com,Male,68.47.77.9
399,Jose,Woods,jwoodsb2@state.tx.us,Male,2.189.11.81
400,Pamela,Gonzalez,pgonzalezb3@photobucket.com,Female,158.123.202.123
401,Jonathan,Perry,jperryb4@linkedin.com,Male,164.33.94.158
402,Gerald,Hall,ghallb5@jimdo.com,Male,38.162.169.178
403,John,Fields,jfieldsb6@ucla.edu,Male,8.143.39.192
404,William,Palmer,wpalmerb7@amazon.com,Male,180.9.223.209
405,Julie,Sims,jsimsb8@cnn.com,Female,84.121.32.171
406,Anne,Hunt,ahuntb9@walmart.com,Female,215.23.141.109
407,Brandon,Diaz,bdiazba@wired.com,Male,255.4.71.252
408,Gary,Alvarez,galvarezbb@mediafire.com,Male,25.136.53.98
409,Kimberly,Burke,kburkebc@ibm.com,Female,60.29.196.18
410,Justin,Murphy,jmurphybd@woothemes.com,Male,72.245.117.25
411,Christina,Hamilton,chamiltonbe@icq.com,Female,235.122.32.115
412,Andrew,Snyder,asnyderbf@walmart.com,Male,0.50.200.11
413,Doris,Carroll,dcarrollbg@usnews.com,Female,128.44.238.207
414,Keith,Washington,kwashingtonbh@comsenz.com,Male,173.6.165.145
415,Ashley,Day,adaybi@go.com,Female,69.11.172.58
416,Samuel,Lane,slanebj@census.gov,Male,145.16.13.181
417,Jeffrey,Hanson,jhansonbk@discuz.net,Male,0.203.70.179
418,Louis,Clark,lclarkbl@uiuc.edu,Male,99.133.68.31
419,Jane,Fernandez,jfernandezbm@epa.gov,Female,95.16.170.89
420,Carolyn,Harvey,charveybn@accuweather.com,Female,147.228.26.77
421,Richard,Cook,rcookbo@shareasale.com,Male,4.54.166.44
422,Anna,Meyer,ameyerbp@vistaprint.com,Female,105.180.249.198
423,Pamela,Lawrence,plawrencebq@simplemachines.org,Female,148.124.236.255
424,Russell,Green,rgreenbr@archive.org,Male,143.112.167.135
425,Alan,Williamson,awilliamsonbs@facebook.com,Male,207.215.243.154
426,Andrew,West,awestbt@rediff.com,Male,160.6.190.238
427,Russell,Spencer,rspencerbu@amazon.co.uk,Male,166.222.34.160
428,Theresa,Bradley,tbradleybv@washington.edu,Female,226.17.123.39
429,Daniel,Pierce,dpiercebw@wiley.com,Male,99.202.138.157
430,Stephanie,West,swestbx@bloomberg.com,Female,157.208.236.133
431,Margaret,Carroll,mcarrollby@wikimedia.org,Female,202.172.147.91
432,Louis,Peters,lpetersbz@ehow.com,Male,167.136.137.83
433,Harold,Lopez,hlopezc0@seattletimes.com,Male,154.157.246.238
434,Diane,Jordan,djordanc1@illinois.edu,Female,126.147.134.226
435,Willie,James,wjamesc2@g.co,Male,44.139.89.26
436,Dennis,Scott,dscottc3@google.ru,Male,17.3.13.63
437,Rachel,Gonzales,rgonzalesc4@columbia.edu,Female,225.197.74.249
438,James,Howard,jhowardc5@instagram.com,Male,146.3.193.139
439,Carlos,Bishop,cbishopc6@dedecms.com,Male,176.178.8.151
440,Jeffrey,Lynch,jlynchc7@wordpress.com,Male,192.96.184.77
441,Frances,Dean,fdeanc8@symantec.com,Female,236.64.99.173
442,Donald,Butler,dbutlerc9@icq.com,Male,43.140.193.66
443,Sarah,Oliver,soliverca@china.com.cn,Female,28.11.187.68
444,Anthony,Burns,aburnscb@ow.ly,Male,167.107.163.38
445,Christina,Porter,cportercc@indiatimes.com,Female,228.246.30.72
446,Martin,Thompson,mthompsoncd@google.pl,Male,41.205.116.163
447,Earl,Mills,emillsce@hp.com,Male,134.57.35.49
448,Phyllis,Gomez,pgomezcf@deliciousdays.com,Female,235.203.238.95
449,Elizabeth,Morris,emorriscg@domainmarket.com,Female,148.254.133.146
450,Keith,Cole,kcolech@pen.io,Male,198.97.11.208
451,Nancy,Woods,nwoodsci@imgur.com,Female,127.237.59.168
452,Bobby,Ramos,bramoscj@booking.com,Male,88.213.255.105
453,Todd,Jenkins,tjenkinsck@blogtalkradio.com,Male,208.116.240.234
454,Anthony,Murray,amurraycl@eventbrite.com,Male,150.177.109.19
455,Virginia,Scott,vscottcm@google.cn,Female,214.251.138.200
456,Gerald,Murray,gmurraycn@lycos.com,Male,90.21.37.194
457,David,Tucker,dtuckerco@xrea.com,Male,58.214.241.23
458,Betty,Lawson,blawsoncp@privacy.gov.au,Female,137.255.98.179
459,Clarence,Ray,craycq@theglobeandmail.com,Male,213.198.107.217
460,Doris,Tucker,dtuckercr@yelp.com,Female,113.125.55.56
461,Benjamin,Gilbert,bgilbertcs@surveymonkey.com,Male,44.129.201.146
462,Adam,Brown,abrownct@who.int,Male,91.165.180.11
463,Eric,Washington,ewashingtoncu@washington.edu,Male,214.10.232.20
464,Marilyn,Greene,mgreenecv@zdnet.com,Female,161.173.104.55
465,Anne,Gray,agraycw@senate.gov,Female,34.73.136.81
466,Keith,Robinson,krobinsoncx@jalbum.net,Male,223.94.111.213
467,Timothy,Fields,tfieldscy@ucoz.com,Male,93.57.52.155
468,Kathy,Jackson,kjacksoncz@japanpost.jp,Female,219.30.185.130
469,William,Clark,wclarkd0@github.com,Male,22.159.56.236
470,Paula,George,pgeorged1@google.co.jp,Female,119.233.185.53
471,Edward,Hanson,ehansond2@xrea.com,Male,239.58.85.218
472,Edward,George,egeorged3@storify.com,Male,35.40.106.38
473,Sandra,Gonzalez,sgonzalezd4@admin.ch,Female,128.242.57.25
474,Emily,Marshall,emarshalld5@printfriendly.com,Female,103.154.116.42
475,Eric,Sullivan,esullivand6@scribd.com,Male,189.48.117.195
476,Bruce,Stone,bstoned7@bravesites.com,Male,82.66.172.222
477,Aaron,Dixon,adixond8@psu.edu,Male,68.120.255.235
478,Jane,Williams,jwilliamsd9@phoca.cz,Female,38.33.2.99
479,Judy,Andrews,jandrewsda@un.org,Female,182.109.69.34
480,Earl,Washington,ewashingtondb@noaa.gov,Male,163.229.85.74
481,Robin,Griffin,rgriffindc@xing.com,Female,96.42.30.199
482,Johnny,Diaz,jdiazdd@hud.gov,Male,163.116.32.143
483,Brenda,Andrews,bandrewsde@nature.com,Female,166.34.71.62
484,Frances,Reyes,freyesdf@uiuc.edu,Female,244.20.89.203
485,Donald,Gutierrez,dgutierrezdg@bravesites.com,Male,128.73.27.110
486,Sara,Montgomery,smontgomerydh@ebay.com,Female,21.235.201.193
487,Brandon,Black,bblackdi@pbs.org,Male,32.245.50.24
488,Ralph,Reyes,rreyesdj@de.vu,Male,60.183.78.156
489,Stephanie,Freeman,sfreemandk@yolasite.com,Female,75.163.101.247
490,Diane,Romero,dromerodl@forbes.com,Female,197.14.60.174
491,Philip,Richardson,prichardsondm@cam.ac.uk,Male,124.196.47.158
492,Randy,Gonzalez,rgonzalezdn@omniture.com,Male,123.214.25.127
493,Arthur,Gray,agraydo@purevolume.com,Male,25.92.100.157
494,Frank,Sullivan,fsullivandp@domainmarket.com,Male,177.203.71.140
495,Carl,Fowler,cfowlerdq@cpanel.net,Male,145.162.185.175
496,Benjamin,Wagner,bwagnerdr@sourceforge.net,Male,45.93.181.226
497,Bonnie,Berry,bberryds@businesswire.com,Female,216.64.51.214
498,Rebecca,Harvey,rharveydt@guardian.co.uk,Female,57.137.216.115
499,Christopher,Ruiz,cruizdu@ehow.com,Male,101.216.104.117
500,Kenneth,Thomas,kthomasdv@squarespace.com,Male,148.86.240.88
501,Carl,Foster,cfosterdw@twitter.com,Male,72.178.124.73
502,Anne,Montgomery,amontgomerydx@nba.com,Female,237.0.174.218
503,Wanda,Boyd,wboyddy@multiply.com,Female,228.242.32.82
504,Paul,Dixon,pdixondz@dell.com,Male,149.112.161.210
505,Nicole,Spencer,nspencere0@xing.com,Female,207.83.95.94
506,Cynthia,Alexander,calexandere1@hp.com,Female,213.55.64.215
507,Jack,Knight,jknighte2@elpais.com,Male,253.149.251.188
508,Richard,Sullivan,rsullivane3@ucla.edu,Male,198.60.232.186
509,Edward,Stanley,estanleye4@samsung.com,Male,41.28.220.81
510,Carolyn,Wagner,cwagnere5@lycos.com,Female,150.152.204.120
511,Janice,Lee,jleee6@vimeo.com,Female,55.223.6.186
512,Marie,Bennett,mbennette7@blogtalkradio.com,Female,224.147.98.203
513,Mary,Mcdonald,mmcdonalde8@technorati.com,Female,139.140.34.1
514,Gary,Dean,gdeane9@tumblr.com,Male,246.197.84.23
515,Andrew,Mendoza,amendozaea@techcrunch.com,Male,249.63.66.221
516,Jason,Turner,jturnereb@pen.io,Male,168.78.40.3
517,Carol,Scott,cscottec@mediafire.com,Female,146.138.237.253
518,Carlos,Ward,cwarded@fda.gov,Male,54.91.162.49
519,Larry,Johnston,ljohnstonee@sohu.com,Male,53.139.15.52
520,Laura,Ellis,lellisef@accuweather.com,Female,29.237.194.35
521,Julie,Ward,jwardeg@irs.gov,Female,204.208.250.38
522,Katherine,Bradley,kbradleyeh@furl.net,Female,79.223.174.126
523,Debra,Chavez,dchavezei@washington.edu,Female,47.189.42.163
524,Martha,Andrews,mandrewsej@bluehost.com,Female,25.14.148.33
525,Jeffrey,Burke,jburkeek@cbslocal.com,Male,135.184.112.60
526,Anthony,Bell,abellel@phoca.cz,Male,76.3.253.124
527,Marilyn,Adams,madamsem@cnbc.com,Female,1.224.75.109
528,Elizabeth,Carter,ecarteren@mail.ru,Female,55.95.50.189
529,Jeremy,Cooper,jcoopereo@reuters.com,Male,91.144.174.120
530,Laura,Dixon,ldixonep@rediff.com,Female,183.112.28.20
531,Henry,Ferguson,hfergusoneq@reddit.com,Male,36.234.183.164
532,Phillip,Jordan,pjordaner@etsy.com,Male,169.43.55.215
533,Nancy,Gibson,ngibsones@cornell.edu,Female,6.63.145.147
534,Judith,Meyer,jmeyeret@tuttocitta.it,Female,212.142.115.197
535,Mildred,Young,myoungeu@storify.com,Female,197.115.165.41
536,Steven,Black,sblackev@nytimes.com,Male,118.19.14.90
537,Aaron,Hamilton,ahamiltonew@hp.com,Male,128.16.199.8
538,Jose,Hunter,jhunterex@skype.com,Male,187.230.208.141
539,Mildred,Watson,mwatsoney@stanford.edu,Female,87.162.65.182
540,Donald,Simpson,dsimpsonez@house.gov,Male,34.185.25.5
541,Linda,Johnston,ljohnstonf0@nasa.gov,Female,157.139.153.192
542,Karen,Hawkins,khawkinsf1@kickstarter.com,Female,217.144.239.214
543,Lillian,Gibson,lgibsonf2@wisc.edu,Female,61.186.197.38
544,Phyllis,Boyd,pboydf3@aol.com,Female,129.215.249.207
545,Virginia,Reid,vreidf4@nydailynews.com,Female,216.20.230.72
546,Aaron,Marshall,amarshallf5@auda.org.au,Male,74.230.123.32
547,Jason,Chapman,jchapmanf6@taobao.com,Male,227.98.10.55
548,Julia,Warren,jwarrenf7@cargocollective.com,Female,93.20.93.8
549,Raymond,Myers,rmyersf8@youku.com,Male,32.15.114.65
550,Jeffrey,Olson,jolsonf9@vinaora.com,Male,165.51.31.140
551,Norma,Baker,nbakerfa@about.me,Female,217.214.213.46
552,Douglas,Smith,dsmithfb@ucsd.edu,Male,124.13.249.156
553,Norma,Schmidt,nschmidtfc@shutterfly.com,Female,128.166.145.19
554,Shawn,Harris,sharrisfd@loc.gov,Male,234.93.36.18
555,Jimmy,Grant,jgrantfe@goo.gl,Male,72.226.153.58
556,Linda,James,ljamesff@delicious.com,Female,239.118.178.196
557,Matthew,Harris,mharrisfg@yandex.ru,Male,155.169.104.32
558,Bobby,Williamson,bwilliamsonfh@timesonline.co.uk,Male,227.150.18.216
559,Arthur,Clark,aclarkfi@washington.edu,Male,254.251.5.32
560,Julie,Thomas,jthomasfj@aboutads.info,Female,250.207.83.9
561,Robert,Nichols,rnicholsfk@salon.com,Male,172.135.173.31
562,Henry,Hawkins,hhawkinsfl@usatoday.com,Male,34.168.19.163
563,Ann,Carroll,acarrollfm@devhub.com,Female,162.135.159.74
564,Chris,Crawford,ccrawfordfn@alibaba.com,Male,244.30.18.71
565,Amy,Payne,apaynefo@newsvine.com,Female,24.27.130.255
566,Ernest,Lewis,elewisfp@github.com,Male,57.54.225.192
567,Jimmy,Edwards,jedwardsfq@foxnews.com,Male,75.99.123.130
568,Jimmy,Hughes,jhughesfr@blogs.com,Male,212.218.192.44
569,Dennis,Cole,dcolefs@deliciousdays.com,Male,72.115.25.92
570,Adam,Hughes,ahughesft@princeton.edu,Male,64.62.16.99
571,Heather,Hanson,hhansonfu@mail.ru,Female,79.72.44.177
572,Alan,Campbell,acampbellfv@patch.com,Male,138.176.149.187
573,Beverly,Stewart,bstewartfw@howstuffworks.com,Female,106.74.252.245
574,Clarence,Lynch,clynchfx@w3.org,Male,156.100.56.60
575,Catherine,Bradley,cbradleyfy@quantcast.com,Female,249.81.37.118
576,Samuel,James,sjamesfz@ovh.net,Male,239.213.126.96
577,Ralph,Ruiz,rruizg0@360.cn,Male,74.57.153.33
578,Joshua,Lawson,jlawsong1@homestead.com,Male,204.33.174.232
579,Eric,Cox,ecoxg2@craigslist.org,Male,117.102.45.218
580,Shawn,Jenkins,sjenkinsg3@stumbleupon.com,Male,144.48.90.200
581,Alan,Boyd,aboydg4@xrea.com,Male,39.6.194.126
582,Rose,Murray,rmurrayg5@linkedin.com,Female,84.30.19.120
583,Julia,Martin,jmarting6@skype.com,Female,253.196.28.9
584,Judith,Johnston,jjohnstong7@ftc.gov,Female,101.110.139.212
585,Scott,James,sjamesg8@nationalgeographic.com,Male,17.128.139.99
586,Joshua,Peterson,jpetersong9@sfgate.com,Male,230.206.247.58
587,Phillip,Lane,planega@dell.com,Male,112.109.168.78
588,Lillian,Cole,lcolegb@ning.com,Female,130.75.238.156
589,Michael,Jackson,mjacksongc@free.fr,Male,142.75.93.36
590,Heather,Hunter,hhuntergd@tumblr.com,Female,5.91.98.163
591,Amy,Lynch,alynchge@trellian.com,Female,105.163.232.238
592,Shawn,Medina,smedinagf@sourceforge.net,Male,107.119.144.214
593,Marie,George,mgeorgegg@mac.com,Female,91.113.30.121
594,Amy,Ellis,aellisgh@i2i.jp,Female,166.214.112.11
595,Philip,Coleman,pcolemangi@so-net.ne.jp,Male,250.152.14.56
596,Amy,Turner,aturnergj@networkadvertising.org,Female,195.16.124.197
597,Richard,Boyd,rboydgk@mail.ru,Male,61.135.33.13
598,Wayne,Crawford,wcrawfordgl@vkontakte.ru,Male,97.144.104.208
599,Stephanie,Cole,scolegm@squarespace.com,Female,50.179.188.203
600,Ronald,Banks,rbanksgn@unicef.org,Male,114.32.81.115
601,Ashley,Snyder,asnydergo@delicious.com,Female,223.1.251.7
602,Julie,Roberts,jrobertsgp@sohu.com,Female,87.70.250.1
603,Ruby,Reed,rreedgq@ftc.gov,Female,24.217.5.149
604,Douglas,Sullivan,dsullivangr@state.gov,Male,195.188.85.43
605,Joyce,Flores,jfloresgs@upenn.edu,Female,203.64.62.180
606,Howard,Gardner,hgardnergt@diigo.com,Male,63.202.73.106
607,Amanda,Kim,akimgu@springer.com,Female,209.168.59.197
608,Doris,Carroll,dcarrollgv@123-reg.co.uk,Female,130.160.9.77
609,Melissa,Jones,mjonesgw@patch.com,Female,115.149.131.223
610,Matthew,Fowler,mfowlergx@bloglovin.com,Male,83.208.168.246
611,Ronald,Andrews,randrewsgy@qq.com,Male,227.194.143.251
612,Harold,Reed,hreedgz@rambler.ru,Male,46.140.220.232
613,Diane,Harvey,dharveyh0@samsung.com,Female,134.90.85.24
614,Jessica,Ward,jwardh1@psu.edu,Female,67.78.121.213
615,Julia,Chapman,jchapmanh2@cafepress.com,Female,2.28.210.54
616,Douglas,Reynolds,dreynoldsh3@ft.com,Male,194.150.148.108
617,James,Medina,jmedinah4@artisteer.com,Male,25.132.12.38
618,Julia,Moore,jmooreh5@homestead.com,Female,47.134.132.139
619,Maria,Griffin,mgriffinh6@ustream.tv,Female,137.171.105.216
620,Antonio,Pierce,apierceh7@cisco.com,Male,122.54.142.24
621,Phyllis,Armstrong,parmstrongh8@google.nl,Female,40.131.45.53
622,Melissa,Stevens,mstevensh9@nifty.com,Female,125.163.100.174
623,Andrew,West,awestha@odnoklassniki.ru,Male,130.43.48.123
624,Christina,Jacobs,cjacobshb@dagondesign.com,Female,116.23.61.104
625,Jean,Washington,jwashingtonhc@nature.com,Female,24.185.243.114
626,Jose,Carr,jcarrhd@cmu.edu,Male,122.155.63.1
627,Mary,Sanders,msandershe@shareasale.com,Female,77.93.109.101
628,Earl,Ryan,eryanhf@ycombinator.com,Male,113.128.187.36
629,Nancy,Martinez,nmartinezhg@mail.ru,Female,51.146.102.138
630,Christopher,Sims,csimshh@usatoday.com,Male,27.227.240.19
631,Billy,Patterson,bpattersonhi@disqus.com,Male,52.35.21.75
632,Janice,Perry,jperryhj@oracle.com,Female,214.31.27.131
633,Susan,Washington,swashingtonhk@sogou.com,Female,192.172.78.105
634,Christopher,Hamilton,chamiltonhl@tamu.edu,Male,205.33.129.101
635,Jane,Cook,jcookhm@sakura.ne.jp,Female,152.19.131.58
636,Roy,Arnold,rarnoldhn@home.pl,Male,133.13.60.179
637,Gerald,Butler,gbutlerho@npr.org,Male,72.253.3.2
638,Rebecca,Day,rdayhp@drupal.org,Female,77.30.220.20
639,Victor,Washington,vwashingtonhq@uiuc.edu,Male,189.140.48.188
640,Jose,Rogers,jrogershr@google.cn,Male,192.216.114.222
641,Michelle,Nichols,mnicholshs@usnews.com,Female,139.115.118.100
642,Kelly,Morales,kmoralesht@simplemachines.org,Female,228.172.175.128
643,Julie,Moreno,jmorenohu@businessinsider.com,Female,87.191.207.21
644,Louise,Cooper,lcooperhv@cloudflare.com,Female,157.229.67.182
645,Jeffrey,George,jgeorgehw@army.mil,Male,93.210.169.141
646,Joseph,Wells,jwellshx@craigslist.org,Male,151.51.219.165
647,Barbara,Hernandez,bhernandezhy@auda.org.au,Female,182.112.211.209
648,Daniel,Ward,dwardhz@unicef.org,Male,169.117.137.191
649,Larry,Green,lgreeni0@abc.net.au,Male,82.220.206.80
650,Ashley,Schmidt,aschmidti1@storify.com,Female,208.232.200.154
651,Brian,Powell,bpowelli2@blog.com,Male,152.72.42.189
652,Jose,Mendoza,jmendozai3@examiner.com,Male,151.162.202.250
653,Julie,Porter,jporteri4@omniture.com,Female,160.46.9.226
654,Nancy,Mccoy,nmccoyi5@friendfeed.com,Female,64.148.227.64
655,Ryan,Stevens,rstevensi6@stanford.edu,Male,241.225.208.177
656,Janet,Morales,jmoralesi7@chron.com,Female,39.151.162.125
657,Louis,Jordan,ljordani8@fotki.com,Male,135.1.244.227
658,Roy,Stewart,rstewarti9@ox.ac.uk,Male,76.68.142.148
659,Terry,Cox,tcoxia@answers.com,Male,165.105.139.56
660,Cheryl,Medina,cmedinaib@webnode.com,Female,6.21.221.103
661,Kathleen,Bailey,kbaileyic@fastcompany.com,Female,24.168.92.74
662,Theresa,Sullivan,tsullivanid@miibeian.gov.cn,Female,8.225.217.229
663,Carlos,Bennett,cbennettie@cmu.edu,Male,0.51.59.242
664,Marie,Hayes,mhayesif@guardian.co.uk,Female,23.253.211.224
665,Robert,Johnson,rjohnsonig@pagesperso-orange.fr,Male,9.172.101.200
666,Norma,Stevens,nstevensih@examiner.com,Female,117.162.25.255
667,Beverly,Nguyen,bnguyenii@hexun.com,Female,10.93.90.18
668,Cynthia,Gonzales,cgonzalesij@hexun.com,Female,186.253.121.94
669,Raymond,Hunt,rhuntik@adobe.com,Male,229.185.225.67
670,Lois,King,lkingil@skype.com,Female,14.7.80.216
671,Harold,Burns,hburnsim@geocities.com,Male,213.106.135.33
672,Eric,George,egeorgein@house.gov,Male,25.255.127.57
673,Linda,Richards,lrichardsio@usa.gov,Female,198.95.239.181
674,Bonnie,Gonzalez,bgonzalezip@smh.com.au,Female,58.171.42.50
675,Irene,Bennett,ibennettiq@stanford.edu,Female,152.13.87.48
676,Phyllis,Davis,pdavisir@drupal.org,Female,100.56.24.167
677,Frank,Alvarez,falvarezis@instagram.com,Male,115.227.159.96
678,Fred,Willis,fwillisit@nature.com,Male,228.13.147.41
679,Nancy,Fuller,nfulleriu@usda.gov,Female,83.163.199.135
680,Lois,Porter,lporteriv@google.fr,Female,253.179.67.149
681,Virginia,Martinez,vmartineziw@phoca.cz,Female,67.179.191.186
682,Mary,Walker,mwalkerix@vinaora.com,Female,162.47.168.8
683,Carol,Allen,calleniy@yelp.com,Female,73.55.169.166
684,Douglas,Cruz,dcruziz@imdb.com,Male,208.87.225.157
685,Michelle,Hill,mhillj0@irs.gov,Female,208.15.85.152
686,Sarah,Dixon,sdixonj1@lycos.com,Female,3.23.29.218
687,Wayne,Williams,wwilliamsj2@yahoo.co.jp,Male,104.28.216.6
688,Angela,Hamilton,ahamiltonj3@joomla.org,Female,3.115.177.77
689,Evelyn,Andrews,eandrewsj4@artisteer.com,Female,110.26.138.155
690,Jose,Cole,jcolej5@google.de,Male,156.210.68.140
691,Anna,Long,alongj6@goodreads.com,Female,102.63.235.246
692,Terry,Vasquez,tvasquezj7@printfriendly.com,Male,144.42.24.1
693,Edward,Lawson,elawsonj8@amazonaws.com,Male,223.160.125.1
694,Carolyn,Gibson,cgibsonj9@comsenz.com,Female,100.126.197.134
695,Jacqueline,Patterson,jpattersonja@prlog.org,Female,222.188.157.41
696,Kathleen,Washington,kwashingtonjb@chicagotribune.com,Female,15.88.61.123
697,Keith,Carroll,kcarrolljc@nps.gov,Male,254.218.221.29
698,Anthony,Scott,ascottjd@altervista.org,Male,144.139.185.85
699,Timothy,Brooks,tbrooksje@house.gov,Male,52.207.249.148
700,Pamela,Allen,pallenjf@feedburner.com,Female,66.117.169.41
701,Emily,Dunn,edunnjg@aol.com,Female,122.3.34.132
702,Marie,Robertson,mrobertsonjh@gizmodo.com,Female,176.182.128.240
703,Rachel,Morrison,rmorrisonji@chron.com,Female,148.31.230.185
704,Virginia,Stephens,vstephensjj@oakley.com,Female,233.44.150.24
705,Jean,Watson,jwatsonjk@flickr.com,Female,170.226.55.123
706,Christine,Owens,cowensjl@fc2.com,Female,67.192.142.165
707,Jimmy,Riley,jrileyjm@nature.com,Male,249.227.169.179
708,Billy,Burton,bburtonjn@typepad.com,Male,234.26.50.65
709,Janet,Rodriguez,jrodriguezjo@mysql.com,Female,40.53.177.135
710,Jeffrey,Ortiz,jortizjp@bloomberg.com,Male,200.114.87.132
711,Anne,Richards,arichardsjq@shop-pro.jp,Female,95.157.78.166
712,Ernest,Tucker,etuckerjr@themeforest.net,Male,129.70.229.230
713,Michael,Elliott,melliottjs@msu.edu,Male,223.87.164.36
714,Nicholas,Jenkins,njenkinsjt@aboutads.info,Male,19.210.35.224
715,Keith,Reyes,kreyesju@surveymonkey.com,Male,224.126.55.7
716,Sandra,Wood,swoodjv@artisteer.com,Female,79.9.52.87
717,Paul,Baker,pbakerjw@discuz.net,Male,122.88.182.111
718,Norma,Bryant,nbryantjx@latimes.com,Female,69.14.187.48
719,Tina,Morris,tmorrisjy@g.co,Female,127.220.118.72
720,Martha,Stanley,mstanleyjz@irs.gov,Female,16.127.184.13
721,Carlos,Williamson,cwilliamsonk0@latimes.com,Male,223.1.126.15
722,Bonnie,Cox,bcoxk1@reuters.com,Female,108.139.70.36
723,Susan,Dunn,sdunnk2@linkedin.com,Female,157.136.6.170
724,Kelly,Ross,krossk3@cloudflare.com,Female,214.175.108.119
725,Randy,Welch,rwelchk4@feedburner.com,Male,174.13.212.60
726,David,Lane,dlanek5@squidoo.com,Male,224.252.73.113
727,Keith,Peterson,kpetersonk6@businesswire.com,Male,53.156.71.4
728,Anna,Watson,awatsonk7@goodreads.com,Female,241.237.81.50
729,Justin,Mills,jmillsk8@buzzfeed.com,Male,103.67.137.42
730,Bruce,Richardson,brichardsonk9@disqus.com,Male,37.168.220.14
731,Jerry,Wallace,jwallaceka@myspace.com,Male,100.39.122.214
732,Nancy,Jackson,njacksonkb@vistaprint.com,Female,230.139.88.212
733,Frank,Willis,fwilliskc@networkadvertising.org,Male,210.150.41.241
734,Theresa,Hill,thillkd@goo.gl,Female,143.191.130.119
735,Eric,Fowler,efowlerke@salon.com,Male,38.69.28.249
736,Sean,Ryan,sryankf@fotki.com,Male,13.193.173.214
737,Robin,Wilson,rwilsonkg@soup.io,Female,222.247.190.184
738,Amanda,Armstrong,aarmstrongkh@live.com,Female,86.106.231.84
739,Judy,Freeman,jfreemanki@csmonitor.com,Female,227.107.78.73
740,Frances,Alvarez,falvarezkj@livejournal.com,Female,82.142.245.235
741,Richard,Reed,rreedkk@loc.gov,Male,120.100.60.36
742,Rebecca,Woods,rwoodskl@theglobeandmail.com,Female,108.58.50.246
743,Kelly,Brown,kbrownkm@latimes.com,Female,93.245.215.86
744,Albert,Perry,aperrykn@technorati.com,Male,15.102.35.33
745,Christine,Sims,csimsko@umn.edu,Female,158.192.187.253
746,Jerry,Wells,jwellskp@zdnet.com,Male,27.218.160.189
747,Theresa,Lynch,tlynchkq@cloudflare.com,Female,230.241.195.208
748,John,Mitchell,jmitchellkr@ezinearticles.com,Male,104.166.254.42
749,Raymond,Riley,rrileyks@mayoclinic.com,Male,51.125.90.9
750,Pamela,Hart,phartkt@usgs.gov,Female,62.4.77.55
751,Billy,Edwards,bedwardsku@i2i.jp,Male,51.136.13.250
752,Gary,Fisher,gfisherkv@ebay.com,Male,164.59.174.136
753,Theresa,Bailey,tbaileykw@nbcnews.com,Female,183.207.80.22
754,Roy,Collins,rcollinskx@bluehost.com,Male,60.168.36.140
755,Melissa,Mills,mmillsky@unicef.org,Female,168.230.168.209
756,Ann,Garcia,agarciakz@cnbc.com,Female,211.144.85.82
757,Diane,Perry,dperryl0@dailymotion.com,Female,180.52.127.85
758,Lois,Johnston,ljohnstonl1@ycombinator.com,Female,163.89.248.123
759,Katherine,Phillips,kphillipsl2@google.com.hk,Female,69.225.229.245
760,Todd,Frazier,tfrazierl3@msu.edu,Male,4.243.74.52
761,Laura,Freeman,lfreemanl4@sohu.com,Female,84.16.172.204
762,Bobby,Walker,bwalkerl5@nih.gov,Male,219.236.22.60
763,Kevin,Allen,kallenl6@livejournal.com,Male,8.87.161.203
764,Elizabeth,Day,edayl7@twitpic.com,Female,6.122.237.74
765,Alice,Mills,amillsl8@homestead.com,Female,204.213.5.148
766,Arthur,Spencer,aspencerl9@disqus.com,Male,71.248.83.242
767,Robin,Cole,rcolela@wikia.com,Female,121.89.152.240
768,Ashley,Harrison,aharrisonlb@feedburner.com,Female,163.188.35.16
769,Stephanie,Banks,sbankslc@usgs.gov,Female,66.98.211.37
770,Douglas,Watson,dwatsonld@washington.edu,Male,117.234.146.31
771,Anne,Johnston,ajohnstonle@rediff.com,Female,58.76.59.132
772,Kevin,Crawford,kcrawfordlf@sphinn.com,Male,30.133.111.171
773,Heather,Alvarez,halvarezlg@1und1.de,Female,43.173.211.149
774,Judy,Medina,jmedinalh@dyndns.org,Female,104.188.192.15
775,Janice,Jordan,jjordanli@statcounter.com,Female,76.244.63.28
776,Judy,Schmidt,jschmidtlj@msu.edu,Female,136.51.0.222
777,Irene,Snyder,isnyderlk@diigo.com,Female,34.110.73.122
778,Sandra,Wells,swellsll@canalblog.com,Female,222.42.154.76
779,Katherine,Edwards,kedwardslm@php.net,Female,52.56.234.124
780,Gerald,Sanders,gsandersln@hud.gov,Male,32.200.45.121
781,Charles,Owens,cowenslo@webeden.co.uk,Male,54.233.192.136
782,Elizabeth,Wheeler,ewheelerlp@ebay.com,Female,198.17.164.173
783,Nancy,Olson,nolsonlq@hostgator.com,Female,94.66.179.220
784,Ann,Powell,apowelllr@webeden.co.uk,Female,210.215.183.8
785,Jimmy,Gordon,jgordonls@clickbank.net,Male,186.175.223.140
786,Nicole,Black,nblacklt@sciencedirect.com,Female,152.14.26.119
787,Jerry,Hernandez,jhernandezlu@chronoengine.com,Male,81.67.70.22
788,Janice,Griffin,jgriffinlv@weebly.com,Female,15.186.101.229
789,Barbara,Carr,bcarrlw@mashable.com,Female,39.117.61.14
790,David,Nichols,dnicholslx@dyndns.org,Male,135.229.70.176
791,Laura,Johnston,ljohnstonly@lycos.com,Female,123.225.194.246
792,Carol,Stewart,cstewartlz@infoseek.co.jp,Female,70.66.20.251
793,Ruby,Sullivan,rsullivanm0@odnoklassniki.ru,Female,246.19.121.11
794,Lori,Richards,lrichardsm1@theatlantic.com,Female,248.175.81.142
795,Philip,Freeman,pfreemanm2@i2i.jp,Male,158.123.10.232
796,Shawn,Peters,spetersm3@usnews.com,Male,5.128.102.118
797,Phillip,Nichols,pnicholsm4@indiatimes.com,Male,148.49.7.95
798,Anne,Wilson,awilsonm5@ca.gov,Female,8.81.136.254
799,Frances,Harper,fharperm6@naver.com,Female,23.141.86.66
800,Donna,Gomez,dgomezm7@printfriendly.com,Female,149.221.116.209
801,Melissa,Pierce,mpiercem8@webmd.com,Female,173.159.137.207
802,Ruth,Garrett,rgarrettm9@princeton.edu,Female,196.246.54.171
803,Joseph,Nguyen,jnguyenma@wunderground.com,Male,173.49.220.242
804,Lori,Medina,lmedinamb@ezinearticles.com,Female,83.65.176.251
805,Martin,Walker,mwalkermc@themeforest.net,Male,248.204.193.186
806,Karen,Perez,kperezmd@netvibes.com,Female,92.226.44.245
807,Willie,Carr,wcarrme@last.fm,Male,4.207.120.230
808,Marie,Washington,mwashingtonmf@unblog.fr,Female,63.32.119.225
809,Kathy,Peterson,kpetersonmg@e-recht24.de,Female,245.116.184.105
810,Justin,Clark,jclarkmh@mit.edu,Male,171.150.185.204
811,Lillian,Ferguson,lfergusonmi@blogger.com,Female,115.111.171.165
812,Beverly,Martinez,bmartinezmj@xinhuanet.com,Female,248.101.167.106
813,Adam,Powell,apowellmk@foxnews.com,Male,226.102.161.82
814,Phyllis,Mason,pmasonml@blogspot.com,Female,251.55.229.188
815,Judith,Turner,jturnermm@blinklist.com,Female,20.140.250.135
816,Gloria,Fernandez,gfernandezmn@eepurl.com,Female,211.24.134.35
817,Denise,Martinez,dmartinezmo@youtu.be,Female,52.59.6.86
818,Michelle,Long,mlongmp@plala.or.jp,Female,124.76.180.238
819,Kathryn,Rice,kricemq@deviantart.com,Female,146.214.2.177
820,Patrick,Clark,pclarkmr@fastcompany.com,Male,189.9.249.173
821,Robert,Lee,rleems@topsy.com,Male,175.108.44.240
822,Albert,Ward,awardmt@chicagotribune.com,Male,163.63.18.217
823,Kathleen,Flores,kfloresmu@tinypic.com,Female,32.232.188.89
824,Paula,Olson,polsonmv@chicagotribune.com,Female,38.8.73.129
825,Mark,Anderson,mandersonmw@latimes.com,Male,237.186.24.138
826,Frances,Cox,fcoxmx@google.co.jp,Female,124.165.12.60
827,Fred,Harper,fharpermy@icio.us,Male,137.74.247.35
828,Juan,Stone,jstonemz@apple.com,Male,41.107.39.157
829,Christine,Hanson,chansonn0@dell.com,Female,151.231.227.223
830,Amy,Snyder,asnydern1@godaddy.com,Female,175.251.57.73
831,Kimberly,Webb,kwebbn2@symantec.com,Female,189.55.51.196
832,Christine,Vasquez,cvasquezn3@hao123.com,Female,146.47.41.12
833,Marie,Fisher,mfishern4@un.org,Female,88.12.65.167
834,Sean,Greene,sgreenen5@baidu.com,Male,87.244.105.201
835,Antonio,King,akingn6@spotify.com,Male,226.51.181.240
836,David,Hall,dhalln7@webeden.co.uk,Male,215.33.36.129
837,Stephen,Lewis,slewisn8@bloglovin.com,Male,60.70.222.212
838,Lois,Morrison,lmorrisonn9@businessweek.com,Female,118.48.204.149
839,Joyce,Reyes,jreyesna@youku.com,Female,28.30.43.78
840,Irene,Lopez,ilopeznb@dagondesign.com,Female,140.150.13.244
841,Paula,West,pwestnc@goo.gl,Female,221.158.163.106
842,Steve,Willis,swillisnd@dagondesign.com,Male,251.109.211.19
843,Keith,Watson,kwatsonne@networksolutions.com,Male,239.27.132.159
844,Julie,Harvey,jharveynf@slideshare.net,Female,234.170.144.71
845,Edward,Roberts,erobertsng@latimes.com,Male,230.26.237.0
846,Bobby,Montgomery,bmontgomerynh@timesonline.co.uk,Male,220.85.88.93
847,James,Bryant,jbryantni@dailymotion.com,Male,177.241.135.171
848,Kathy,Garcia,kgarcianj@goodreads.com,Female,161.47.67.36
849,George,Armstrong,garmstrongnk@pbs.org,Male,112.82.43.197
850,Chris,Robinson,crobinsonnl@nifty.com,Male,148.88.19.47
851,Wanda,Fowler,wfowlernm@squarespace.com,Female,19.243.17.11
852,Wanda,Hicks,whicksnn@symantec.com,Female,72.108.95.8
853,Wanda,Wells,wwellsno@cdc.gov,Female,87.27.104.81
854,Ashley,Edwards,aedwardsnp@slideshare.net,Female,246.237.191.151
855,Joan,George,jgeorgenq@cam.ac.uk,Female,203.135.59.162
856,Emily,Reid,ereidnr@mit.edu,Female,5.49.64.31
857,Gloria,Montgomery,gmontgomeryns@thetimes.co.uk,Female,79.156.97.104
858,Angela,Bowman,abowmannt@altervista.org,Female,134.214.34.48
859,Steven,Berry,sberrynu@ucsd.edu,Male,123.159.47.180
860,Jose,Wood,jwoodnv@ask.com,Male,240.196.163.236
861,Henry,Graham,hgrahamnw@utexas.edu,Male,91.62.209.117
862,Virginia,Ryan,vryannx@skyrock.com,Female,151.156.157.224
863,Ryan,Nguyen,rnguyenny@delicious.com,Male,248.218.113.218
864,Stephanie,Willis,swillisnz@samsung.com,Female,215.47.208.136
865,Eric,Cruz,ecruzo0@unc.edu,Male,213.162.243.9
866,Dennis,Flores,dfloreso1@furl.net,Male,47.107.195.122
867,Janice,Stanley,jstanleyo2@ox.ac.uk,Female,195.154.114.176
868,Christopher,Hunt,chunto3@unc.edu,Male,2.29.103.127
869,Gregory,King,gkingo4@ycombinator.com,Male,27.184.219.35
870,Antonio,Kelley,akelleyo5@cbsnews.com,Male,37.190.217.91
871,Paula,Payne,ppayneo6@cisco.com,Female,167.167.136.111
872,Angela,Snyder,asnydero7@homestead.com,Female,47.244.124.114
873,Jeremy,Kennedy,jkennedyo8@loc.gov,Male,26.161.95.135
874,Sean,Gilbert,sgilberto9@phoca.cz,Male,150.238.148.243
875,Bonnie,Kennedy,bkennedyoa@mtv.com,Female,96.192.242.101
876,Angela,Myers,amyersob@nydailynews.com,Female,187.227.245.176
877,Arthur,Roberts,arobertsoc@diigo.com,Male,89.195.240.229
878,Jason,Alexander,jalexanderod@mtv.com,Male,102.121.60.201
879,Shirley,Carter,scarteroe@exblog.jp,Female,113.79.171.159
880,Phillip,Gonzales,pgonzalesof@ox.ac.uk,Male,242.36.147.10
881,Theresa,Morrison,tmorrisonog@amazon.co.uk,Female,50.190.25.192
882,Peter,Gonzalez,pgonzalezoh@dion.ne.jp,Male,207.71.179.252
883,Rachel,Mason,rmasonoi@pbs.org,Female,123.95.5.194
884,Daniel,Mills,dmillsoj@squarespace.com,Male,110.92.121.88
885,Sean,Stevens,sstevensok@dion.ne.jp,Male,15.82.172.32
886,Elizabeth,Barnes,ebarnesol@mail.ru,Female,248.59.146.179
887,Shawn,Payne,spayneom@blinklist.com,Male,109.74.15.176
888,Lillian,Hansen,lhansenon@ovh.net,Female,119.23.182.19
889,Scott,Grant,sgrantoo@posterous.com,Male,104.115.90.57
890,Catherine,Scott,cscottop@fastcompany.com,Female,108.57.182.103
891,Frank,Peterson,fpetersonoq@fema.gov,Male,11.247.236.236
892,Martin,Fernandez,mfernandezor@cyberchimps.com,Male,228.117.197.49
893,Paula,Owens,powensos@admin.ch,Female,58.190.238.39
894,Larry,Arnold,larnoldot@dedecms.com,Male,228.144.89.155
895,Alice,Ford,afordou@whitehouse.gov,Female,164.201.64.40
896,Billy,Romero,bromeroov@reference.com,Male,176.47.51.249
897,Jose,Morales,jmoralesow@zdnet.com,Male,114.170.154.89
898,Richard,Kelly,rkellyox@ebay.co.uk,Male,115.40.98.20
899,Mark,Woods,mwoodsoy@icq.com,Male,17.85.122.186
900,Jean,Lee,jleeoz@webnode.com,Female,49.59.22.29
901,Kathy,Mills,kmillsp0@wufoo.com,Female,27.112.89.11
902,Judith,Johnson,jjohnsonp1@bandcamp.com,Female,52.170.144.26
903,Janice,Welch,jwelchp2@cnbc.com,Female,141.221.202.216
904,Alice,Perez,aperezp3@w3.org,Female,109.207.84.104
905,Harry,Hayes,hhayesp4@wordpress.com,Male,92.232.174.25
906,Kathleen,Cruz,kcruzp5@nature.com,Female,89.218.79.216
907,Sarah,James,sjamesp6@umich.edu,Female,237.3.206.183
908,Kathy,Ramos,kramosp7@sphinn.com,Female,111.136.252.186
909,Sharon,Frazier,sfrazierp8@redcross.org,Female,215.162.197.164
910,Jesse,Mason,jmasonp9@godaddy.com,Male,90.66.187.174
911,Phillip,Stevens,pstevenspa@live.com,Male,252.49.30.56
912,Patrick,Romero,promeropb@unicef.org,Male,191.232.241.148
913,Heather,Dean,hdeanpc@liveinternet.ru,Female,18.93.29.27
914,Wayne,Mitchell,wmitchellpd@foxnews.com,Male,208.150.161.26
915,Chris,Parker,cparkerpe@columbia.edu,Male,232.15.200.76
916,Kimberly,Mason,kmasonpf@bing.com,Female,56.252.211.54
917,Benjamin,Hansen,bhansenpg@tmall.com,Male,119.62.143.210
918,Paul,Black,pblackph@moonfruit.com,Male,36.112.66.132
919,Mark,Barnes,mbarnespi@vimeo.com,Male,77.121.38.80
920,Walter,Bailey,wbaileypj@dot.gov,Male,110.43.71.97
921,Mary,Marshall,mmarshallpk@chicagotribune.com,Female,39.227.88.108
922,Billy,Garrett,bgarrettpl@paginegialle.it,Male,157.107.176.254
923,Christine,Hicks,chickspm@google.pl,Female,244.180.113.207
924,Judy,Wagner,jwagnerpn@exblog.jp,Female,68.66.6.64
925,Joe,Howell,jhowellpo@howstuffworks.com,Male,237.204.218.24
926,Norma,Owens,nowenspp@yellowpages.com,Female,40.102.41.207
927,Joan,Frazier,jfrazierpq@ehow.com,Female,188.98.105.81
928,Brian,Flores,bflorespr@360.cn,Male,18.209.234.66
929,Phyllis,Williams,pwilliamsps@telegraph.co.uk,Female,203.122.188.141
930,Donald,Moore,dmoorept@ted.com,Male,89.87.36.44
931,Frances,Meyer,fmeyerpu@webnode.com,Female,65.24.196.181
932,Sean,Bryant,sbryantpv@topsy.com,Male,222.107.154.109
933,Janice,Day,jdaypw@gnu.org,Female,134.25.71.133
934,Jack,Bennett,jbennettpx@npr.org,Male,40.183.5.29
935,Justin,Edwards,jedwardspy@phpbb.com,Male,221.99.121.19
936,Victor,Rivera,vriverapz@over-blog.com,Male,31.126.61.92
937,Julie,Gonzalez,jgonzalezq0@ovh.net,Female,137.90.89.156
938,Jerry,Chapman,jchapmanq1@twitpic.com,Male,46.52.142.121
939,Andrea,Simmons,asimmonsq2@cdbaby.com,Female,28.44.120.233
940,Mildred,Campbell,mcampbellq3@dmoz.org,Female,18.189.14.154
941,Dennis,Miller,dmillerq4@moonfruit.com,Male,66.121.132.223
942,Jane,Edwards,jedwardsq5@alexa.com,Female,91.215.105.172
943,Richard,Fowler,rfowlerq6@phoca.cz,Male,63.118.177.120
944,Julie,Bowman,jbowmanq7@163.com,Female,227.155.93.200
945,Jessica,Robertson,jrobertsonq8@jugem.jp,Female,156.128.228.190
946,Robert,Ross,rrossq9@simplemachines.org,Male,145.145.14.75
947,Ashley,Kennedy,akennedyqa@comsenz.com,Female,83.60.169.100
948,Helen,Franklin,hfranklinqb@hp.com,Female,220.185.124.202
949,Andrew,Richards,arichardsqc@amazon.com,Male,64.160.203.84
950,Frances,Ellis,fellisqd@nba.com,Female,202.109.230.217
951,Barbara,Harrison,bharrisonqe@facebook.com,Female,23.9.212.196
952,Jessica,Shaw,jshawqf@sciencedaily.com,Female,64.28.17.163
953,Barbara,Stevens,bstevensqg@pbs.org,Female,140.128.240.71
954,Susan,Mitchell,smitchellqh@bravesites.com,Female,93.206.102.60
955,Lois,Bryant,lbryantqi@cloudflare.com,Female,229.227.177.160
956,Judy,Lynch,jlynchqj@howstuffworks.com,Female,119.8.250.155
957,Nancy,Lee,nleeqk@mac.com,Female,77.88.164.231
958,Michelle,Ryan,mryanql@simplemachines.org,Female,136.126.215.64
959,Anna,Crawford,acrawfordqm@salon.com,Female,176.80.41.199
960,Irene,Phillips,iphillipsqn@narod.ru,Female,133.16.111.51
961,Andrea,Green,agreenqo@goo.gl,Female,9.190.17.30
962,Judy,Mcdonald,jmcdonaldqp@taobao.com,Female,50.227.132.44
963,Joshua,Woods,jwoodsqq@nymag.com,Male,182.44.98.76
964,Sara,Rose,sroseqr@friendfeed.com,Female,109.239.118.8
965,Randy,Spencer,rspencerqs@meetup.com,Male,30.184.200.252
966,Earl,White,ewhiteqt@artisteer.com,Male,145.191.242.244
967,Louis,Cunningham,lcunninghamqu@tripadvisor.com,Male,245.158.181.96
968,Randy,Alvarez,ralvarezqv@vinaora.com,Male,62.239.89.15
969,Gary,Diaz,gdiazqw@craigslist.org,Male,12.220.69.119
970,Eric,Myers,emyersqx@ucoz.ru,Male,37.43.0.28
971,Gregory,Spencer,gspencerqy@mlb.com,Male,157.213.87.246
972,William,George,wgeorgeqz@ifeng.com,Male,179.154.215.186
973,Louis,Reynolds,lreynoldsr0@zimbio.com,Male,195.54.81.240
974,Walter,Thompson,wthompsonr1@surveymonkey.com,Male,59.139.62.33
975,Margaret,Williams,mwilliamsr2@ed.gov,Female,140.4.139.47
976,Eugene,Fowler,efowlerr3@canalblog.com,Male,96.94.57.140
977,Wayne,Sanders,wsandersr4@squarespace.com,Male,0.220.88.176
978,Jonathan,Dean,jdeanr5@mapy.cz,Male,173.17.191.44
979,Amy,Reyes,areyesr6@deviantart.com,Female,52.35.226.225
980,George,Ramos,gramosr7@unesco.org,Male,241.39.248.123
981,Rose,Wood,rwoodr8@irs.gov,Female,219.165.95.92
982,Samuel,Hayes,shayesr9@fema.gov,Male,162.58.45.12
983,Walter,Johnston,wjohnstonra@spotify.com,Male,201.45.101.34
984,Karen,Hill,khillrb@nifty.com,Female,70.242.133.135
985,Norma,Duncan,nduncanrc@bizjournals.com,Female,226.172.40.197
986,Todd,Ward,twardrd@aol.com,Male,138.179.79.14
987,Virginia,Arnold,varnoldre@moonfruit.com,Female,245.66.93.237
988,Billy,Roberts,brobertsrf@amazon.co.jp,Male,113.57.2.11
989,Clarence,Smith,csmithrg@1688.com,Male,190.193.156.42
990,Carolyn,Webb,cwebbrh@buzzfeed.com,Female,42.38.84.145
991,Mildred,Ray,mrayri@scribd.com,Female,145.25.190.108
992,Betty,Peterson,bpetersonrj@hibu.com,Female,141.172.126.94
993,Kenneth,Johnson,kjohnsonrk@oakley.com,Male,200.248.246.56
994,Harold,Grant,hgrantrl@newsvine.com,Male,76.69.177.41
995,Sean,Mason,smasonrm@cargocollective.com,Male,252.30.34.247
996,Diane,Mason,dmasonrn@ucoz.ru,Female,76.209.185.90
997,Donna,Miller,dmillerro@hao123.com,Female,139.246.136.119
998,Frank,Castillo,fcastillorp@bizjournals.com,Male,55.16.138.219
999,Barbara,Carpenter,bcarpenterrq@un.org,Female,106.39.242.161
1000,Julia,Rogers,jrogersrr@paypal.com,Female,157.251.191.238
